{
    "loss": 2.432527780532837,
    "accuracy": 0.5919818878173828
}